<?xml version="1.0" encoding="UTF-8"?>
<metadata xml:lang="en"><Esri><CreaDate>20190329</CreaDate><CreaTime>20224300</CreaTime><ArcGISFormat>1.0</ArcGISFormat><SyncOnce>TRUE</SyncOnce><DataProperties><lineage><Process ToolSource="e:\arcgis\pro\Resources\ArcToolbox\toolboxes\Data Management Tools.tbx\CopyFeatures" Date="20190329" Time="202243">CopyFeatures austin_san_fran_coordinates_Layer "E:\OMSCS\6242 - DVA\shapefile\coordinates.shp" # # # #</Process></lineage></DataProperties></Esri></metadata>
